Area Code,Boroughs,Year,Total Incidents,Total Action Taken,Warning Letters,Fixed Penalty Notices,Statutory Notices,Formal cautions,Injunctions,Prosecutions,Recycling Rate
E09000001,City of London,2011/12,527,563,149,182,3,0,0,0,37
E09000002,Barking and Dagenham,2011/12,3665,2687,140,78,110,0,0,0,30
E09000003,Barnet,2011/12,1450,2356,337,46,0,0,0,0,34
E09000004,Bexley,2011/12,980,505,0,36,0,0,0,19,54
E09000005,Brent,2011/12,7272,6713,679,558,1100,28,0,11,37
E09000006,Bromley,2011/12,2222,306,16,9,16,2,0,5,50
E09000007,Camden,2011/12,6679,5541,465,31,55,1,0,0,33
E09000008,Croydon,2011/12,2740,31,17,6,4,0,0,0,38
E09000009,Ealing,2011/12,4964,6727,3852,82,193,4,0,23,41
E09000010,Enfield,2011/12,19486,7262,191,4483,478,5,0,576,35
E09000011,Greenwich,2011/12,5120,6344,19,974,36,1,0,7,39
E09000012,Hackney,2011/12,1030,2332,22,18,171,0,0,0,24
E09000013,Hammersmith and Fulham,2011/12,5700,6944,0,389,3300,2,0,10,30
E09000014,Haringey,2011/12,15713,8817,1455,280,796,18,0,49,26
E09000015,Harrow,2011/12,8037,1053,177,0,6,6,0,2,48
E09000016,Havering,2011/12,2972,13970,7354,657,1264,0,0,9,36
E09000017,Hillingdon,2011/12,4398,5120,60,2208,144,0,0,0,43
E09000018,Hounslow,2011/12,17059,1234,8,0,0,0,0,0,35
E09000019,Islington,2011/12,2048,6959,1119,3595,610,0,0,20,32
E09000020,Kensington and Chelsea,2011/12,5482,4773,0,120,0,0,0,0,34
E09000021,Kingston upon Thames,2011/12,239,0,0,0,0,0,0,0,47
E09000022,Lambeth,2011/12,1696,598,0,212,31,0,0,0,28
E09000023,Lewisham,2011/12,15757,789,164,101,22,15,0,18,17
E09000024,Merton,2011/12,2526,1279,171,255,42,2,0,17,37
E09000025,Newham,2011/12,40499,9593,1,8876,234,0,0,0,23
E09000026,Redbridge,2011/12,5110,6114,3172,66,286,0,0,4,33
E09000027,Richmond upon Thames,2011/12,3208,2610,645,16,1,1,0,3,45
E09000028,Southwark,2011/12,16823,0,0,0,0,0,0,0,27
E09000029,Sutton,2011/12,1479,1255,65,120,112,0,0,4,37
E09000030,Tower Hamlets,2011/12,6184,3251,790,1079,297,0,0,0,27
E09000031,Waltham Forest,2011/12,4456,17182,252,991,6031,0,0,155,27
E09000032,Wandsworth,2011/12,1561,8226,4609,255,0,366,0,32,28
E09000033,Westminster,2011/12,14694,8367,1943,5622,0,0,0,0,25
E09000001,City of London,2012/13,449,1492,658,245,3,0,0,0,36
E09000002,Barking and Dagenham,2012/13,2417,2122,123,49,56,0,0,0,27
E09000003,Barnet,2012/13,1697,1828,264,67,0,0,0,0,33
E09000004,Bexley,2012/13,1038,627,38,47,0,0,0,1,54
E09000005,Brent,2012/13,6911,2232,182,184,268,12,0,9,43
E09000006,Bromley,2012/13,2495,479,21,24,15,1,0,2,49
E09000007,Camden,2012/13,11477,5962,0,0,1,0,0,0,31
E09000008,Croydon,2012/13,11150,108,12,12,24,0,0,0,44
E09000009,Ealing,2012/13,6352,5679,3506,30,79,3,0,15,41
E09000010,Enfield,2012/13,17871,3595,167,663,160,3,0,557,39
E09000011,Greenwich,2012/13,5170,7482,31,1788,186,0,0,2,40
E09000012,Hackney,2012/13,599,1456,35,17,283,0,0,25,24
E09000013,Hammersmith and Fulham,2012/13,7079,1719,0,68,40,0,0,2,23
E09000014,Haringey,2012/13,12398,4719,300,335,548,5,0,2,32
E09000015,Harrow,2012/13,6228,0,0,0,0,0,0,0,45
E09000016,Havering,2012/13,2842,13762,7637,459,1778,0,0,17,35
E09000017,Hillingdon,2012/13,4506,4188,0,3770,418,0,0,0,43
E09000018,Hounslow,2012/13,13934,1030,0,0,0,0,0,0,35
E09000019,Islington,2012/13,2231,6167,649,3797,497,0,0,9,31
E09000020,Kensington and Chelsea,2012/13,6075,5009,1,335,0,0,0,0,26
E09000021,Kingston upon Thames,2012/13,126,0,0,0,0,0,0,0,46
E09000022,Lambeth,2012/13,1454,0,0,0,0,0,0,0,23
E09000023,Lewisham,2012/13,10604,1083,203,22,50,8,0,23,20
E09000024,Merton,2012/13,3098,1299,193,244,17,0,0,2,39
E09000025,Newham,2012/13,28443,7283,0,6086,352,0,0,0,21
E09000026,Redbridge,2012/13,6986,6913,2942,94,106,2,0,4,29
E09000027,Richmond upon Thames,2012/13,2608,2291,637,12,1,0,0,13,46
E09000028,Southwark,2012/13,25894,1194,1,182,148,0,0,0,30
E09000029,Sutton,2012/13,1512,201,35,8,2,0,0,0,37
E09000030,Tower Hamlets,2012/13,3732,4909,2190,1256,334,0,0,0,28
E09000031,Waltham Forest,2012/13,3951,17049,95,1162,4913,0,0,74,31
E09000032,Wandsworth,2012/13,1546,5166,2136,140,0,232,0,8,24
E09000033,Westminster,2012/13,19021,6636,1822,3611,0,0,0,0,22
E09000001,City of London,2013/14,530,433,42,56,9,0,0,0,39
E09000002,Barking and Dagenham,2013/14,1282,1399,94,22,79,0,0,0,25
E09000003,Barnet,2013/14,1779,890,171,19,0,0,0,2,36
E09000004,Bexley,2013/14,1078,732,169,24,0,0,0,2,55
E09000005,Brent,2013/14,7001,3189,360,310,442,35,0,13,41
E09000006,Bromley,2013/14,2809,653,49,89,21,0,0,8,50
E09000007,Camden,2013/14,10950,8281,0,714,473,0,0,0,29
E09000008,Croydon,2013/14,15113,460,193,16,23,1,0,5,42
E09000009,Ealing,2013/14,5765,6543,3776,66,95,1,0,15,40
E09000010,Enfield,2013/14,31692,3269,158,1008,76,2,0,415,39
E09000011,Greenwich,2013/14,12765,13950,33,1975,100,0,0,4,39
E09000012,Hackney,2013/14,7635,10495,136,358,1019,13,0,13,25
E09000013,Hammersmith and Fulham,2013/14,9011,1719,0,59,85,0,0,4,21
E09000014,Haringey,2013/14,31045,7633,15,840,1202,12,0,14,36
E09000015,Harrow,2013/14,8429,0,0,0,0,0,0,0,49
E09000016,Havering,2013/14,3620,13393,6279,346,2618,0,0,12,32
E09000017,Hillingdon,2013/14,1995,3101,2,2439,660,0,0,0,43
E09000018,Hounslow,2013/14,15864,994,29,3,0,0,0,0,35
E09000019,Islington,2013/14,2634,8646,1005,5979,567,0,0,14,33
E09000020,Kensington and Chelsea,2013/14,6934,6353,3,222,1,1,0,3,25
E09000021,Kingston upon Thames,2013/14,339,0,0,0,0,0,0,0,46
E09000022,Lambeth,2013/14,1206,0,0,0,0,0,0,0,21
E09000023,Lewisham,2013/14,9152,1499,141,151,1,0,0,1,18
E09000024,Merton,2013/14,3064,1305,200,284,116,0,0,6,39
E09000025,Newham,2013/14,67930,10354,0,7057,872,0,0,0,18
E09000026,Redbridge,2013/14,8939,4778,2069,132,109,0,0,9,29
E09000027,Richmond upon Thames,2013/14,2871,2647,730,14,1,0,0,0,43
E09000028,Southwark,2013/14,26638,3776,3,623,360,0,0,0,34
E09000029,Sutton,2013/14,1264,755,4,73,19,0,0,5,37
E09000030,Tower Hamlets,2013/14,5201,18057,1144,1312,442,0,0,0,28
E09000031,Waltham Forest,2013/14,4723,17176,254,872,4276,0,0,36,33
E09000032,Wandsworth,2013/14,1105,6674,3694,760,0,103,0,14,20
E09000033,Westminster,2013/14,17121,6166,1344,3715,0,0,0,0,21
E09000001,City of London,2014/15,369,347,0,8,19,1,0,0,34
E09000002,Barking and Dagenham,2014/15,2564,3100,1061,357,709,0,0,0,23
E09000003,Barnet,2014/15,11615,219,36,26,0,0,0,0,38
E09000004,Bexley,2014/15,1162,399,53,18,0,0,0,4,54
E09000005,Brent,2014/15,12912,3926,502,355,388,12,0,19,35
E09000006,Bromley,2014/15,3377,462,25,9,23,0,0,8,48
E09000007,Camden,2014/15,8308,4837,0,94,490,0,0,0,26
E09000008,Croydon,2014/15,18560,712,29,24,82,0,0,7,40
E09000009,Ealing,2014/15,7257,5521,3676,38,22,2,0,20,40
E09000010,Enfield,2014/15,50121,4937,75,2540,258,0,0,249,39
E09000011,Greenwich,2014/15,14324,17667,108,2729,102,0,0,1,34
E09000012,Hackney,2014/15,6008,8865,115,269,1288,8,0,14,25
E09000013,Hammersmith and Fulham,2014/15,9208,1632,0,48,54,0,0,13,21
E09000014,Haringey,2014/15,25709,8639,0,799,1183,12,0,22,37
E09000015,Harrow,2014/15,7072,995,84,0,64,5,0,6,45
E09000016,Havering,2014/15,2914,7404,2909,190,820,4,0,5,32
E09000017,Hillingdon,2014/15,1817,0,0,0,0,0,0,0,44
E09000018,Hounslow,2014/15,16282,2190,0,0,0,0,0,0,35
E09000019,Islington,2014/15,3166,8172,380,5742,458,0,0,16,33
E09000020,Kensington and Chelsea,2014/15,6603,6651,3,248,0,3,0,2,25
E09000021,Kingston upon Thames,2014/15,956,0,0,0,0,0,0,0,46
E09000022,Lambeth,2014/15,4056,0,0,0,0,0,0,0,28
E09000023,Lewisham,2014/15,6747,2627,35,422,350,0,0,15,17
E09000024,Merton,2014/15,3819,6985,535,5965,26,2,0,6,38
E09000025,Newham,2014/15,70192,8620,4083,2122,757,0,0,0,17
E09000026,Redbridge,2014/15,11066,6306,2401,134,109,0,0,10,29
E09000027,Richmond upon Thames,2014/15,2903,207,40,0,1,0,0,0,41
E09000028,Southwark,2014/15,25583,1889,0,374,116,0,0,1,35
E09000029,Sutton,2014/15,1575,545,39,165,28,3,0,0,38
E09000030,Tower Hamlets,2014/15,6671,17064,1019,1544,376,0,0,0,28
E09000031,Waltham Forest,2014/15,6127,17361,285,408,3159,4,0,22,36
E09000032,Wandsworth,2014/15,1357,4977,2277,453,0,113,0,75,21
E09000033,Westminster,2014/15,16675,6380,916,4877,10,0,0,0,19
E09000001,City of London,2015/16,627,587,0,58,104,0,0,0,31
E09000002,Barking and Dagenham,2015/16,2361,2672,855,620,473,0,0,9,19
E09000003,Barnet,2015/16,5999,615,16,11,108,0,0,3,37
E09000004,Bexley,2015/16,1110,262,39,12,0,0,0,1,52
E09000005,Brent,2015/16,13198,3980,296,400,282,1,1,17,36
E09000006,Bromley,2015/16,3343,326,13,13,4,0,0,3,46
E09000007,Camden,2015/16,7268,4719,23,400,371,0,0,0,25
E09000008,Croydon,2015/16,0,1775,14,928,48,0,0,141,38
E09000009,Ealing,2015/16,7032,6067,2212,2878,96,25,1,1,43
E09000010,Enfield,2015/16,70930,5292,63,1776,613,2,0,66,36
E09000011,Greenwich,2015/16,10712,6410,140,702,160,10,0,1,35
E09000012,Hackney,2015/16,6917,9494,442,158,513,55,0,13,25
E09000013,Hammersmith and Fulham,2015/16,10829,1868,0,41,47,0,0,18,22
E09000014,Haringey,2015/16,34975,3615,28,448,1002,6,0,6,36
E09000015,Harrow,2015/16,8462,1354,107,52,87,11,0,0,41
E09000016,Havering,2015/16,3726,8523,2912,213,297,1,0,5,32
E09000017,Hillingdon,2015/16,7267,620,0,0,0,0,0,0,44
E09000018,Hounslow,2015/16,19809,1865,189,684,0,0,0,0,34
E09000019,Islington,2015/16,4174,8250,1815,4635,460,0,0,4,29
E09000020,Kensington and Chelsea,2015/16,6105,6308,0,212,12,0,0,0,26
E09000021,Kingston upon Thames,2015/16,1263,0,0,0,0,0,0,0,46
E09000022,Lambeth,2015/16,2493,0,0,0,0,0,0,0,29
E09000023,Lewisham,2015/16,5514,2611,85,579,419,0,0,7,18
E09000024,Merton,2015/16,2816,2542,198,2037,1,1,0,7,35
E09000025,Newham,2015/16,32718,10621,0,1206,613,0,0,0,15
E09000026,Redbridge,2015/16,10864,4319,1447,55,21,15,0,0,28
E09000027,Richmond upon Thames,2015/16,3723,2133,383,8,0,0,0,0,41
E09000028,Southwark,2015/16,21359,1476,0,213,234,0,0,0,35
E09000029,Sutton,2015/16,1478,146,9,3,10,0,0,0,35
E09000030,Tower Hamlets,2015/16,4555,17494,811,1433,301,0,0,0,27
E09000031,Waltham Forest,2015/16,6798,12290,529,3257,941,1,0,3,35
E09000032,Wandsworth,2015/16,1712,8547,3995,649,0,55,0,0,21
E09000033,Westminster,2015/16,0,3447,267,2789,0,0,0,0,17
E09000001,City of London,2016/17,1731,1944,0,155,204,2,0,1,29
E09000002,Barking and Dagenham,2016/17,2423,1130,34,435,40,0,0,7,25
E09000003,Barnet,2016/17,7029,130,69,40,0,0,0,0,37
E09000004,Bexley,2016/17,1480,439,89,75,0,0,0,0,53
E09000005,Brent,2016/17,17340,5660,365,1561,655,13,0,10,36
E09000006,Bromley,2016/17,3246,228,13,4,3,0,0,5,47
E09000007,Camden,2016/17,6778,4656,0,345,212,0,0,0,27
E09000008,Croydon,2016/17,24797,637,15,402,0,0,0,58,39
E09000009,Ealing,2016/17,14270,12688,2507,8398,267,0,0,0,51
E09000010,Enfield,2016/17,75614,10894,90,1151,796,23,0,0,37
E09000011,Greenwich,2016/17,7960,2188,185,111,44,0,0,0,35
E09000012,Hackney,2016/17,3267,5601,97,214,544,40,0,29,27
E09000013,Hammersmith and Fulham,2016/17,14870,4857,0,390,261,9,0,4,23
E09000014,Haringey,2016/17,33333,5131,0,803,703,0,0,15,36
E09000015,Harrow,2016/17,6835,1385,58,23,120,4,0,13,40
E09000016,Havering,2016/17,4061,11748,5077,375,296,0,0,0,37
E09000017,Hillingdon,2016/17,7766,3031,0,3031,0,0,0,0,43
E09000018,Hounslow,2016/17,22973,2242,109,809,0,0,0,0,30
E09000019,Islington,2016/17,3011,7878,1484,4992,316,0,0,3,32
E09000020,Kensington and Chelsea,2016/17,9029,9282,0,218,0,0,0,2,26
E09000021,Kingston upon Thames,2016/17,1528,0,0,0,0,0,0,0,47
E09000022,Lambeth,2016/17,3427,0,0,0,0,0,0,0,29
E09000023,Lewisham,2016/17,1931,1454,27,205,279,0,0,1,18
E09000024,Merton,2016/17,3113,6056,366,5352,9,5,0,0,36
E09000025,Newham,2016/17,19917,5155,0,2244,950,0,0,0,14
E09000026,Redbridge,2016/17,0,2489,277,248,232,52,0,10,27
E09000027,Richmond upon Thames,2016/17,5253,3337,410,36,0,0,0,0,42
E09000028,Southwark,2016/17,17131,1937,355,355,395,17,0,16,34
E09000029,Sutton,2016/17,2296,278,20,9,0,0,0,0,37
E09000030,Tower Hamlets,2016/17,6287,14601,717,1302,181,0,0,0,28
E09000031,Waltham Forest,2016/17,6772,18459,320,7394,1474,0,0,197,34
E09000032,Wandsworth,2016/17,4335,9582,2540,1969,0,611,0,0,22
E09000033,Westminster,2016/17,10075,3876,374,3240,185,0,0,0,17
E09000001,City of London,2017/18,1826,2579,0,559,221,0,0,0,29
E09000002,Barking and Dagenham,2017/18,2628,1066,7,970,27,0,0,0,25
E09000003,Barnet,2017/18,6153,503,7,496,0,0,0,0,37
E09000004,Bexley,2017/18,2105,327,28,68,0,0,0,0,52
E09000005,Brent,2017/18,18609,7348,372,2531,708,0,0,118,37
E09000006,Bromley,2017/18,3067,258,17,34,3,0,0,3,50
E09000007,Camden,2017/18,12170,12671,0,832,337,0,0,0,30
E09000008,Croydon,2017/18,19198,2684,19,520,10,0,0,49,38
E09000009,Ealing,2017/18,13610,5471,150,5021,100,0,0,0,49
E09000010,Enfield,2017/18,3900,5855,37,641,520,0,0,0,36
E09000011,Greenwich,2017/18,8411,1443,65,193,119,0,0,0,35
E09000012,Hackney,2017/18,9821,11172,112,119,245,5,0,17,27
E09000013,Hammersmith and Fulham,2017/18,18652,2982,0,194,262,6,0,8,24
E09000014,Haringey,2017/18,23549,3171,0,1235,469,8,0,27,33
E09000015,Harrow,2017/18,9626,1622,77,17,60,0,0,5,41
E09000016,Havering,2017/18,4655,10463,3986,295,611,0,0,2,37
E09000017,Hillingdon,2017/18,7181,4393,0,4393,0,0,0,0,40
E09000018,Hounslow,2017/18,17063,4334,2074,765,4,0,0,0,30
E09000019,Islington,2017/18,2588,7231,964,5393,254,0,0,5,29
E09000020,Kensington and Chelsea,2017/18,9852,10165,0,181,0,0,0,1,26
E09000021,Kingston upon Thames,2017/18,1349,3,0,3,0,0,0,0,48
E09000022,Lambeth,2017/18,3433,959,0,181,0,0,0,0,30
E09000023,Lewisham,2017/18,3562,1330,32,365,249,0,0,0,22
E09000024,Merton,2017/18,8878,6299,191,5641,18,0,0,0,37
E09000025,Newham,2017/18,15206,3615,0,1290,119,0,0,0,14
E09000026,Redbridge,2017/18,13120,6469,1005,717,607,652,0,16,24
E09000027,Richmond upon Thames,2017/18,4701,2615,288,25,0,0,0,0,42
E09000028,Southwark,2017/18,15741,2255,113,309,439,0,0,6,35
E09000029,Sutton,2017/18,2683,450,57,6,56,0,0,0,50
E09000030,Tower Hamlets,2017/18,7465,13316,821,1179,161,0,0,0,26
E09000031,Waltham Forest,2017/18,7678,17036,236,9566,1005,202,0,45,32
E09000032,Wandsworth,2017/18,5000,9735,1453,2064,0,158,0,0,22
E09000033,Westminster,2017/18,13890,7111,1882,5098,131,0,0,0,19
E09000001,City of London,2018/19,1501,1566,0,189,174,0,0,1,30
E09000002,Barking and Dagenham,2018/19,2901,440,0,411,11,0,0,0,24
E09000003,Barnet,2018/19,2167,1016,0,1016,0,0,0,0,35
E09000004,Bexley,2018/19,2146,205,26,86,0,0,0,0,54
E09000005,Brent,2018/19,23965,6236,1392,1679,803,0,0,9,37
E09000006,Bromley,2018/19,3172,287,24,9,0,0,0,9,50
E09000007,Camden,2018/19,25765,26861,0,489,410,0,0,0,31
E09000008,Croydon,2018/19,22184,1994,55,518,199,0,1,21,47
E09000009,Ealing,2018/19,12547,4620,148,4055,91,0,0,0,53
E09000010,Enfield,2018/19,5164,6278,25,457,163,0,0,0,33
E09000011,Greenwich,2018/19,15897,933,68,132,59,0,0,0,33
E09000012,Hackney,2018/19,13504,1751,98,210,281,0,0,5,28
E09000013,Hammersmith and Fulham,2018/19,16769,1700,0,195,76,0,0,8,24
E09000014,Haringey,2018/19,21320,419,13,165,190,0,0,15,29
E09000015,Harrow,2018/19,13658,890,139,15,47,0,0,4,40
E09000016,Havering,2018/19,3959,6114,2022,160,290,0,0,3,37
E09000017,Hillingdon,2018/19,10677,3453,0,3343,0,0,0,0,37
E09000018,Hounslow,2018/19,21897,2862,206,408,0,0,0,0,31
E09000019,Islington,2018/19,1434,4145,70,2831,369,0,0,1,29
E09000020,Kensington and Chelsea,2018/19,6836,6915,0,85,0,0,0,4,27
E09000021,Kingston upon Thames,2018/19,1589,21,0,21,0,0,0,0,49
E09000022,Lambeth,2018/19,5379,1963,0,730,0,0,0,0,30
E09000023,Lewisham,2018/19,3542,1308,15,331,245,0,0,1,28
E09000024,Merton,2018/19,11406,8862,37,8560,48,3,0,0,39
E09000025,Newham,2018/19,14656,2070,0,722,71,0,0,0,17
E09000026,Redbridge,2018/19,0,1783,0,947,0,152,0,4,25
E09000027,Richmond upon Thames,2018/19,3588,2870,32,364,0,0,0,0,43
E09000028,Southwark,2018/19,14412,2936,0,507,424,0,0,7,35
E09000029,Sutton,2018/19,3151,995,60,338,83,0,0,0,49
E09000030,Tower Hamlets,2018/19,9228,12403,1077,0,0,0,0,0,23
E09000031,Waltham Forest,2018/19,9434,12943,223,9977,341,0,0,15,32
E09000032,Wandsworth,2018/19,5410,8836,555,652,0,866,0,0,23
E09000033,Westminster,2018/19,15003,5855,1611,4158,85,0,0,0,22
E09000001,City of London,2019/20,1804,2255,0,178,167,0,0,0,29
E09000002,Barking and Dagenham,2019/20,3794,157,0,157,0,0,0,0,25
E09000003,Barnet,2019/20,3420,1869,0,1869,0,0,0,0,32
E09000004,Bexley,2019/20,2552,102,13,44,0,0,0,0,54
E09000005,Brent,2019/20,34197,4876,2043,106,68,0,0,49,34
E09000006,Bromley,2019/20,2821,211,15,5,0,0,0,2,51
E09000007,Camden,2019/20,34465,40457,0,5491,449,0,0,0,26
E09000008,Croydon,2019/20,25532,2660,250,664,249,0,0,15,49
E09000009,Ealing,2019/20,13115,6791,180,5060,120,0,0,0,48
E09000010,Enfield,2019/20,4979,6317,14,373,543,0,0,0,33
E09000011,Greenwich,2019/20,11795,822,42,89,135,0,0,5,33
E09000012,Hackney,2019/20,12190,1316,38,224,319,0,0,1,28
E09000013,Hammersmith and Fulham,2019/20,13322,1352,0,304,24,0,0,0,26
E09000014,Haringey,2019/20,22972,576,4,374,34,0,0,12,30
E09000015,Harrow,2019/20,11151,553,13,99,21,0,0,1,39
E09000016,Havering,2019/20,3380,5744,1727,169,345,0,0,0,38
E09000017,Hillingdon,2019/20,10434,2695,0,2570,0,0,0,0,37
E09000018,Hounslow,2019/20,22480,3431,727,239,0,0,0,0,32
E09000019,Islington,2019/20,1764,3806,105,2493,531,0,0,6,30
E09000020,Kensington and Chelsea,2019/20,6490,6692,0,94,9,0,0,1,29
E09000021,Kingston upon Thames,2019/20,1619,482,0,271,25,4,0,0,49
E09000022,Lambeth,2019/20,6638,1823,58,591,0,0,0,0,32
E09000023,Lewisham,2019/20,3842,1269,18,355,172,0,0,0,27
E09000024,Merton,2019/20,13047,4737,18,4431,35,4,0,7,42
E09000025,Newham,2019/20,11145,1724,17,243,104,7,0,5,20
E09000026,Redbridge,2019/20,19897,7560,163,3190,368,392,0,13,25
E09000027,Richmond upon Thames,2019/20,2887,1208,25,163,0,0,0,0,44
E09000028,Southwark,2019/20,17872,2654,0,318,606,0,0,0,35
E09000029,Sutton,2019/20,3823,985,45,474,3,0,0,0,49
E09000030,Tower Hamlets,2019/20,7365,6553,906,0,0,0,0,0,22
E09000031,Waltham Forest,2019/20,9260,14355,455,11012,13,2,0,4,32
E09000032,Wandsworth,2019/20,4745,14617,360,955,0,46,0,0,24
E09000033,Westminster,2019/20,15283,5734,1439,4240,0,0,0,0,20
E09000001,City of London,2020/21,2112,3091,0,436,368,0,0,0,30
E09000002,Barking and Dagenham,2020/21,3494,88,0,88,0,0,0,0,27
E09000003,Barnet,2020/21,4218,12,0,12,0,0,0,0,29
E09000004,Bexley,2020/21,5684,0,0,0,0,0,0,0,50
E09000005,Brent,2020/21,33467,3529,1298,255,4,0,0,9,33
E09000006,Bromley,2020/21,3575,187,22,0,0,0,0,0,45
E09000007,Camden,2020/21,36696,29580,0,25,88,0,0,0,29
E09000008,Croydon,2020/21,22719,2280,210,495,119,0,0,0,41
E09000009,Ealing,2020/21,13090,6047,180,4918,120,0,0,0,49
E09000010,Enfield,2020/21,7289,7088,89,536,578,0,0,0,33
E09000011,Greenwich,2020/21,4376,1170,84,175,33,0,0,2,32
E09000012,Hackney,2020/21,13609,937,16,150,46,0,0,0,28
E09000013,Hammersmith and Fulham,2020/21,16828,8632,3394,998,9,0,0,0,28
E09000014,Haringey,2020/21,21950,1821,8,1392,300,0,0,1,31
E09000015,Harrow,2020/21,7622,397,8,136,8,0,0,0,36
E09000016,Havering,2020/21,3242,5155,2323,215,186,0,1,0,35
E09000017,Hillingdon,2020/21,9323,1560,0,1469,0,0,0,0,37
E09000018,Hounslow,2020/21,30902,3372,740,85,0,0,0,0,35
E09000019,Islington,2020/21,1982,61,0,28,17,0,0,8,31
E09000020,Kensington and Chelsea,2020/21,8043,8107,0,35,0,0,0,0,24
E09000021,Kingston upon Thames,2020/21,2205,914,39,40,35,15,0,0,48
E09000022,Lambeth,2020/21,5040,1720,0,832,0,0,0,0,36
E09000023,Lewisham,2020/21,4294,1375,137,312,75,0,0,0,28
E09000024,Merton,2020/21,15857,8089,1052,6745,14,3,0,0,41
E09000025,Newham,2020/21,20765,1608,1,117,201,0,0,0,21
E09000026,Redbridge,2020/21,26053,10685,822,1671,1320,1517,0,0,25
E09000027,Richmond upon Thames,2020/21,2981,1026,2,154,0,0,0,0,40
E09000028,Southwark,2020/21,21386,278,0,64,57,0,0,0,33
E09000029,Sutton,2020/21,4487,470,37,33,3,0,0,0,46
E09000030,Tower Hamlets,2020/21,7537,1739,225,0,67,0,0,0,19
E09000031,Waltham Forest,2020/21,8606,10707,192,9260,15,3,0,0,32
E09000032,Wandsworth,2020/21,3924,19452,162,2654,0,0,0,2,24
E09000033,Westminster,2020/21,11478,797,274,326,0,0,0,0,24
E09000001,City of London,2021/22,2497,2485,0,498,350,0,0,0,32
E09000002,Barking and Dagenham,2021/22,2714,171,0,171,0,0,0,0,31
E09000003,Barnet,2021/22,5907,20,0,20,0,0,0,0,30
E09000004,Bexley,2021/22,5096,407,0,406,0,0,0,0,43
E09000005,Brent,2021/22,35840,8022,2183,1988,16,0,0,28,38
E09000006,Bromley,2021/22,3558,304,52,12,0,0,0,1,49
E09000007,Camden,2021/22,32517,33185,0,172,185,0,0,0,28
E09000008,Croydon,2021/22,26659,2078,589,232,9,0,0,9,39
E09000009,Ealing,2021/22,12303,10529,132,4855,30,176,0,5,48
E09000010,Enfield,2021/22,5462,5061,144,3140,107,0,0,55,31
E09000011,Greenwich,2021/22,8666,918,183,118,111,0,0,1,32
E09000012,Hackney,2021/22,0,0,0,0,0,0,0,0,29
E09000013,Hammersmith and Fulham,2021/22,20032,7881,1679,1454,211,0,0,0,26
E09000014,Haringey,2021/22,20056,2412,3,1839,217,0,0,0,30
E09000015,Harrow,2021/22,9802,291,4,116,4,0,0,0,36
E09000016,Havering,2021/22,3029,8559,3532,682,480,0,0,0,37
E09000017,Hillingdon,2021/22,6967,1082,0,1034,0,0,0,0,38
E09000018,Hounslow,2021/22,33610,3671,248,53,0,0,0,0,36
E09000019,Islington,2021/22,1404,2857,242,905,217,0,0,0,30
E09000020,Kensington and Chelsea,2021/22,8569,7897,0,45,0,0,0,2,23
E09000021,Kingston upon Thames,2021/22,4363,1682,80,594,64,0,0,0,48
E09000022,Lambeth,2021/22,5205,4807,0,2247,170,0,0,0,35
E09000023,Lewisham,2021/22,29515,2631,230,1163,130,2,0,1,27
E09000024,Merton,2021/22,17714,14864,6973,7379,15,3,0,105,42
E09000025,Newham,2021/22,25879,3583,2,559,542,0,0,0,25
E09000026,Redbridge,2021/22,6035,7768,373,2301,2110,0,0,0,31
E09000027,Richmond upon Thames,2021/22,2569,1173,7,118,0,0,0,0,41
E09000028,Southwark,2021/22,22553,2633,0,638,404,0,0,0,36
E09000029,Sutton,2021/22,4552,1105,48,471,17,0,0,7,44
E09000030,Tower Hamlets,2021/22,8199,7954,1870,161,107,0,0,0,20
E09000031,Waltham Forest,2021/22,9813,10039,15,8212,12,2,0,0,32
E09000032,Wandsworth,2021/22,6015,18119,75,4179,0,0,0,0,23
E09000033,Westminster,2021/22,18749,11094,481,5003,13,0,0,0,21
E09000001,City of London,2022/23,2998,3212,0,859,439,0,0,0,30
E09000002,Barking and Dagenham,2022/23,3845,96,0,96,0,0,0,0,33
E09000003,Barnet,2022/23,9763,10,0,10,0,0,0,0,27
E09000004,Bexley,2022/23,3633,712,0,710,0,0,0,0,44
E09000005,Brent,2022/23,34830,7192,1889,2220,67,0,0,33,33
E09000006,Bromley,2022/23,3626,258,25,27,32,2,0,9,49
E09000007,Camden,2022/23,31457,32626,0,462,240,0,0,0,28
E09000008,Croydon,2022/23,22852,986,440,10,9,0,0,4,37
E09000009,Ealing,2022/23,12922,8739,518,3785,0,0,0,0,48
E09000010,Enfield,2022/23,5505,11580,43,5096,62,0,0,44,34
E09000011,Greenwich,2022/23,9524,1061,97,160,43,8,0,1,29
E09000012,Hackney,2022/23,27471,1453,29,278,7,10,0,0,26
E09000013,Hammersmith and Fulham,2022/23,13504,10531,1458,2863,329,0,0,0,26
E09000014,Haringey,2022/23,22198,1593,6,1311,215,0,0,0,27
E09000015,Harrow,2022/23,9222,2148,0,1137,0,0,0,0,30
E09000016,Havering,2022/23,3249,4716,850,654,120,0,0,2,37
E09000017,Hillingdon,2022/23,5517,163,0,43,0,0,0,0,37
E09000018,Hounslow,2022/23,26135,1290,156,13,0,0,0,0,36
E09000019,Islington,2022/23,1292,3644,103,1781,506,0,0,0,28
E09000020,Kensington and Chelsea,2022/23,7263,7811,0,610,0,0,0,0,23
E09000021,Kingston upon Thames,2022/23,3721,2439,0,346,231,1,0,0,47
E09000022,Lambeth,2022/23,5951,4454,11,1572,481,0,0,0,31
E09000023,Lewisham,2022/23,24327,2846,188,1515,120,14,0,1,23
E09000024,Merton,2022/23,17914,6603,4854,1180,19,5,0,0,43
E09000025,Newham,2022/23,17497,5794,0,804,1266,0,0,6,26
E09000026,Redbridge,2022/23,6713,7435,532,659,183,0,0,21,31
E09000027,Richmond upon Thames,2022/23,3675,1216,0,110,0,0,0,0,40
E09000028,Southwark,2022/23,18676,3006,0,800,427,0,0,3,32
E09000029,Sutton,2022/23,4946,1952,3,1167,0,0,0,7,43
E09000030,Tower Hamlets,2022/23,15861,17891,1200,585,162,0,0,0,18
E09000031,Waltham Forest,2022/23,9160,5285,0,3128,3,0,0,1,33
E09000032,Wandsworth,2022/23,6094,17737,68,4302,0,0,0,0,22
E09000033,Westminster,2022/23,30737,20348,760,2694,784,0,0,3,25
